-- phpMyAdmin SQL Dump
-- version 4.1.12
-- http://www.phpmyadmin.net
--
-- Host: 127.0.0.1
-- Generation Time: Apr 01, 2016 at 01:36 PM
-- Server version: 5.6.16
-- PHP Version: 5.5.11

SET SQL_MODE = "NO_AUTO_VALUE_ON_ZERO";
SET time_zone = "+00:00";


/*!40101 SET @OLD_CHARACTER_SET_CLIENT=@@CHARACTER_SET_CLIENT */;
/*!40101 SET @OLD_CHARACTER_SET_RESULTS=@@CHARACTER_SET_RESULTS */;
/*!40101 SET @OLD_COLLATION_CONNECTION=@@COLLATION_CONNECTION */;
/*!40101 SET NAMES utf8 */;

--
-- Database: `college_demo`
--

-- --------------------------------------------------------

--
-- Table structure for table `box_detail`
--

CREATE TABLE IF NOT EXISTS `box_detail` (
  `box_id` int(11) NOT NULL AUTO_INCREMENT,
  `frame_id` int(11) NOT NULL,
  `box_x` int(11) DEFAULT NULL,
  `box_y` int(11) DEFAULT NULL,
  `box_position_x` int(11) DEFAULT NULL,
  `box_position_y` int(11) NOT NULL,
  `box_width` int(11) NOT NULL,
  `box_height` int(11) NOT NULL,
  PRIMARY KEY (`box_id`)
) ENGINE=InnoDB  DEFAULT CHARSET=latin1 AUTO_INCREMENT=724 ;

--
-- Dumping data for table `box_detail`
--

INSERT INTO `box_detail` (`box_id`, `frame_id`, `box_x`, `box_y`, `box_position_x`, `box_position_y`, `box_width`, `box_height`) VALUES
(1, 1, 608, 1210, 0, 0, 1737, 1737),
(2, 1, 2495, 605, 0, 0, 2920, 2329),
(3, 1, 5560, 605, 0, 0, 1737, 1737),
(4, 2, 475, 470, 0, 0, 3550, 2360),
(5, 2, 475, 2955, 0, 0, 3550, 2360),
(6, 2, 475, 5433, 0, 0, 3550, 2360),
(7, 3, 465, 470, 0, 0, 2370, 3575),
(8, 3, 2950, 470, 0, 0, 2370, 3575),
(9, 3, 5430, 470, 0, 0, 2370, 3575),
(10, 4, 470, 475, 0, 0, 2365, 2360),
(11, 4, 2950, 475, 0, 0, 2365, 2360),
(12, 4, 475, 2955, 0, 0, 2360, 2360),
(13, 4, 2955, 2955, 0, 0, 2360, 2360),
(14, 5, 350, 465, 0, 0, 2700, 1730),
(15, 5, 350, 2300, 0, 0, 2700, 1730),
(16, 5, 350, 4117, 0, 0, 2700, 1730),
(17, 5, 350, 5950, 0, 0, 2700, 1730),
(18, 6, 470, 470, 0, 0, 5380, 2500),
(19, 6, 470, 3070, 0, 0, 1720, 2500),
(20, 6, 2300, 3070, 0, 0, 1720, 2500),
(21, 6, 4130, 3070, 0, 0, 1720, 2500),
(22, 7, 470, 470, 0, 0, 2500, 2500),
(23, 7, 3060, 470, 0, 0, 1200, 2500),
(24, 7, 470, 3070, 0, 0, 2500, 1180),
(25, 7, 3060, 3070, 0, 0, 1200, 1180),
(26, 8, 470, 470, 0, 0, 3550, 2370),
(27, 8, 470, 2950, 0, 0, 1720, 1070),
(28, 8, 2300, 2950, 0, 0, 1720, 1070),
(29, 9, 470, 470, 0, 0, 2366, 3550),
(30, 9, 2950, 470, 0, 0, 2570, 1716),
(31, 9, 2950, 2300, 0, 0, 2570, 1716),
(32, 10, 470, 470, 0, 0, 2364, 1544),
(33, 10, 2960, 470, 0, 0, 2364, 1544),
(34, 10, 5430, 470, 0, 0, 2364, 1544),
(35, 11, 470, 470, 0, 0, 2364, 2364),
(36, 11, 2950, 470, 0, 0, 2364, 2364),
(37, 11, 5440, 470, 0, 0, 2364, 2364),
(38, 12, 470, 470, 0, 0, 2245, 3430),
(39, 12, 2835, 470, 0, 0, 1595, 1065),
(40, 12, 2835, 1650, 0, 0, 1595, 1065),
(41, 12, 2835, 2835, 0, 0, 1595, 1065),
(42, 13, 470, 470, 0, 0, 1715, 2480),
(43, 13, 2300, 470, 0, 0, 1715, 2480),
(44, 13, 4130, 470, 0, 0, 1715, 2480),
(45, 13, 5960, 470, 0, 0, 1715, 2480),
(46, 14, 470, 464, 0, 0, 2370, 3550),
(47, 14, 2950, 464, 0, 0, 2360, 3550),
(48, 14, 470, 4140, 0, 0, 2360, 3550),
(49, 14, 2950, 4140, 0, 0, 2360, 3550),
(50, 15, 470, 470, 0, 0, 3546, 2480),
(51, 15, 4134, 470, 0, 0, 1710, 2480),
(52, 15, 470, 3070, 0, 0, 1710, 2480),
(53, 15, 2300, 3070, 0, 0, 3546, 2480),
(54, 16, 470, 470, 0, 0, 2630, 2480),
(55, 16, 3220, 470, 0, 0, 2630, 2480),
(56, 16, 470, 3070, 0, 0, 1716, 2480),
(57, 16, 2300, 3070, 0, 0, 1716, 2480),
(58, 16, 4124, 3070, 0, 0, 1716, 2480),
(59, 17, 470, 470, 0, 0, 2365, 2365),
(60, 17, 2950, 470, 0, 0, 2365, 2365),
(61, 17, 470, 2950, 0, 0, 2365, 2365),
(62, 17, 2950, 2950, 0, 0, 2365, 2365),
(63, 18, 470, 470, 0, 0, 2480, 3550),
(64, 18, 3070, 470, 0, 0, 2480, 1720),
(65, 18, 3070, 2300, 0, 0, 2480, 1720),
(66, 18, 470, 4130, 0, 0, 2480, 1720),
(67, 18, 3070, 4130, 0, 0, 2480, 1720),
(68, 19, 470, 470, 0, 0, 1720, 2480),
(69, 19, 2300, 470, 0, 0, 1720, 2480),
(70, 19, 4130, 470, 0, 0, 1720, 2480),
(71, 19, 5960, 470, 0, 0, 1720, 2480),
(72, 19, 7795, 470, 0, 0, 1720, 2480),
(73, 20, 470, 470, 0, 0, 2480, 1720),
(74, 20, 470, 2300, 0, 0, 2480, 1720),
(75, 20, 470, 4130, 0, 0, 2480, 1720),
(76, 20, 470, 5964, 0, 0, 2480, 1720),
(77, 20, 470, 7796, 0, 0, 2480, 1720),
(78, 21, 470, 470, 0, 0, 2483, 1720),
(79, 21, 3060, 470, 0, 0, 2483, 1720),
(80, 21, 470, 2300, 0, 0, 2483, 1720),
(81, 21, 3060, 2300, 0, 0, 2483, 1720),
(82, 21, 470, 4130, 0, 0, 2483, 1720),
(83, 21, 3060, 4130, 0, 0, 2483, 1720),
(84, 22, 470, 470, 0, 0, 2480, 2480),
(85, 22, 3070, 470, 0, 0, 1180, 2480),
(86, 22, 470, 3070, 0, 0, 1180, 1180),
(87, 22, 1770, 3070, 0, 0, 1180, 1180),
(88, 22, 3070, 3070, 0, 0, 1180, 1180),
(89, 23, 470, 470, 0, 0, 3430, 2245),
(90, 23, 470, 2835, 0, 0, 1065, 1655),
(91, 23, 1650, 2835, 0, 0, 1065, 1655),
(92, 23, 2835, 2835, 0, 0, 1065, 1655),
(93, 23, 470, 4605, 0, 0, 1655, 1655),
(94, 23, 2245, 4605, 0, 0, 1655, 1655),
(95, 24, 470, 470, 0, 0, 2250, 3430),
(96, 24, 2835, 470, 0, 0, 1655, 1100),
(97, 24, 2835, 1655, 0, 0, 1655, 1070),
(98, 24, 2835, 2830, 0, 0, 1655, 1070),
(99, 24, 4600, 470, 0, 0, 1665, 1665),
(100, 24, 4600, 2240, 0, 0, 1665, 1665),
(101, 25, 470, 470, 0, 0, 1065, 1655),
(102, 25, 1655, 470, 0, 0, 1065, 1655),
(103, 25, 2835, 470, 0, 0, 1065, 1655),
(104, 25, 470, 2240, 0, 0, 3430, 2250),
(105, 25, 470, 4600, 0, 0, 1665, 1665),
(106, 25, 2240, 4600, 0, 0, 1665, 1665),
(107, 26, 470, 470, 0, 0, 1665, 1070),
(108, 26, 470, 1650, 0, 0, 1665, 1070),
(109, 26, 470, 2830, 0, 0, 1665, 1070),
(110, 26, 2240, 470, 0, 0, 2250, 3430),
(111, 26, 4600, 470, 0, 0, 1665, 1665),
(112, 26, 4600, 2240, 0, 0, 1665, 1665),
(113, 27, 470, 470, 0, 0, 1715, 2480),
(114, 27, 2300, 470, 0, 0, 1715, 2480),
(115, 27, 4130, 470, 0, 0, 1715, 2480),
(116, 27, 470, 3070, 0, 0, 1715, 2480),
(117, 27, 2300, 3070, 0, 0, 1715, 2480),
(118, 27, 4130, 3070, 0, 0, 1715, 2480),
(119, 28, 470, 470, 0, 0, 2480, 2480),
(120, 28, 3070, 470, 0, 0, 1180, 1180),
(121, 28, 3070, 1770, 0, 0, 1180, 1180),
(122, 28, 470, 3070, 0, 0, 1180, 1180),
(123, 28, 1770, 3070, 0, 0, 1180, 1180),
(124, 28, 3070, 3070, 0, 0, 1180, 1180),
(125, 29, 470, 470, 0, 0, 3550, 2380),
(126, 29, 4120, 470, 0, 0, 2380, 2380),
(127, 29, 470, 2950, 0, 0, 2380, 1720),
(128, 29, 470, 4780, 0, 0, 2380, 1720),
(129, 29, 2950, 2950, 0, 0, 3550, 3550),
(130, 29, 470, 6600, 0, 0, 2380, 2380),
(131, 29, 2950, 6600, 0, 0, 3550, 2380),
(132, 30, 470, 470, 0, 0, 2364, 3540),
(133, 30, 470, 4130, 0, 0, 2364, 2364),
(134, 30, 2950, 470, 0, 0, 3540, 3540),
(135, 30, 2950, 4130, 0, 0, 1716, 2360),
(136, 30, 4780, 4130, 0, 0, 1716, 2360),
(137, 30, 6610, 470, 0, 0, 2364, 2364),
(138, 30, 6610, 2950, 0, 0, 2364, 3540),
(139, 31, 470, 470, 0, 0, 1065, 1660),
(140, 31, 1650, 470, 0, 0, 1065, 1660),
(141, 31, 2835, 470, 0, 0, 1065, 1660),
(142, 31, 470, 2245, 0, 0, 3430, 2245),
(143, 31, 470, 4600, 0, 0, 1065, 1660),
(144, 31, 1650, 4600, 0, 0, 1065, 1660),
(145, 31, 2835, 4600, 0, 0, 1065, 1660),
(146, 32, 470, 470, 0, 0, 1660, 1065),
(147, 32, 470, 1650, 0, 0, 1660, 1065),
(148, 32, 470, 2835, 0, 0, 1660, 1065),
(149, 32, 2245, 470, 0, 0, 2245, 3430),
(150, 32, 4600, 470, 0, 0, 1660, 1065),
(151, 32, 4600, 1650, 0, 0, 1660, 1065),
(152, 32, 4600, 2835, 0, 0, 1660, 1065),
(153, 33, 470, 470, 0, 0, 2365, 3665),
(154, 33, 470, 4255, 0, 0, 2365, 1770),
(155, 33, 2950, 470, 0, 0, 1185, 1770),
(156, 33, 2950, 2365, 0, 0, 1185, 1770),
(157, 33, 2950, 4255, 0, 0, 1185, 1770),
(158, 33, 4255, 470, 0, 0, 2365, 1770),
(159, 33, 4255, 2365, 0, 0, 2365, 3665),
(160, 34, 470, 470, 0, 0, 3665, 2365),
(161, 34, 4255, 470, 0, 0, 1770, 2365),
(162, 34, 470, 2950, 0, 0, 1770, 1185),
(163, 34, 2365, 2950, 0, 0, 1770, 1185),
(164, 34, 4255, 2950, 0, 0, 1770, 1185),
(165, 34, 470, 4255, 0, 0, 1770, 2365),
(166, 34, 2365, 4255, 0, 0, 3665, 2365),
(167, 35, 470, 470, 0, 0, 1660, 1660),
(168, 35, 2240, 470, 0, 0, 1660, 1660),
(169, 35, 470, 2240, 0, 0, 1080, 1080),
(170, 35, 1650, 2240, 0, 0, 1080, 1080),
(171, 35, 2820, 2240, 0, 0, 1080, 1080),
(172, 35, 470, 3420, 0, 0, 1660, 1660),
(173, 35, 2240, 3420, 0, 0, 1660, 1660),
(174, 36, 470, 470, 0, 0, 1660, 1660),
(175, 36, 470, 2240, 0, 0, 1660, 1660),
(176, 36, 2240, 470, 0, 0, 1070, 1070),
(177, 36, 2240, 1650, 0, 0, 1070, 1070),
(178, 36, 2240, 2830, 0, 0, 1070, 1070),
(179, 36, 3420, 470, 0, 0, 1660, 1660),
(180, 36, 3420, 2240, 0, 0, 1660, 1660),
(181, 37, 470, 470, 0, 0, 2364, 3660),
(182, 37, 470, 4255, 0, 0, 2364, 1780),
(183, 37, 2950, 470, 0, 0, 1184, 1780),
(184, 37, 2950, 2364, 0, 0, 1184, 1780),
(185, 37, 2950, 4255, 0, 0, 1184, 1780),
(186, 37, 4255, 470, 0, 0, 2364, 1780),
(187, 37, 4255, 2364, 0, 0, 2364, 1780),
(188, 37, 4255, 4255, 0, 0, 2364, 1780),
(189, 38, 470, 470, 0, 0, 1780, 2365),
(190, 38, 2365, 470, 0, 0, 3660, 2365),
(191, 38, 470, 2950, 0, 0, 1780, 1180),
(192, 38, 2365, 2950, 0, 0, 1780, 1180),
(193, 38, 4255, 2950, 0, 0, 1780, 1180),
(194, 38, 470, 4255, 0, 0, 1780, 2365),
(195, 38, 2365, 4255, 0, 0, 1780, 2365),
(196, 38, 4255, 4255, 0, 0, 1780, 2365),
(197, 39, 470, 470, 0, 0, 2365, 1780),
(198, 39, 470, 2365, 0, 0, 2365, 1780),
(199, 39, 470, 4255, 0, 0, 2365, 1780),
(200, 39, 2950, 470, 0, 0, 1180, 1780),
(201, 39, 2950, 2365, 0, 0, 1180, 1780),
(202, 39, 2950, 4255, 0, 0, 1180, 1780),
(203, 39, 4255, 470, 0, 0, 2365, 1780),
(204, 39, 4255, 2365, 0, 0, 2365, 1780),
(205, 39, 4255, 4255, 0, 0, 2365, 1780),
(206, 40, 470, 470, 0, 0, 3550, 2365),
(207, 40, 4130, 470, 0, 0, 2365, 2365),
(208, 40, 470, 2950, 0, 0, 1080, 1720),
(209, 40, 470, 4780, 0, 0, 1080, 1720),
(210, 40, 1655, 2950, 0, 0, 2365, 3550),
(211, 40, 4130, 2950, 0, 0, 2365, 1720),
(212, 40, 4130, 4780, 0, 0, 2365, 1720),
(213, 40, 470, 6610, 0, 0, 2365, 2365),
(214, 40, 2950, 6610, 0, 0, 3550, 2365),
(215, 41, 470, 470, 0, 0, 2360, 3550),
(216, 41, 470, 4130, 0, 0, 2360, 2360),
(217, 41, 2950, 470, 0, 0, 1720, 1070),
(218, 41, 4780, 470, 0, 0, 1720, 1070),
(219, 41, 2950, 1655, 0, 0, 3550, 2360),
(220, 41, 2950, 4130, 0, 0, 1720, 2360),
(221, 41, 4780, 4130, 0, 0, 1720, 2360),
(222, 41, 6610, 470, 0, 0, 2360, 2360),
(223, 41, 6610, 2950, 0, 0, 2360, 3540),
(224, 42, 470, 470, 0, 0, 1780, 2360),
(225, 42, 2360, 470, 0, 0, 1780, 2360),
(226, 42, 4255, 470, 0, 0, 1780, 2360),
(227, 42, 470, 2950, 0, 0, 1780, 1180),
(228, 42, 2360, 2950, 0, 0, 1780, 1180),
(229, 42, 4255, 2950, 0, 0, 1780, 1180),
(230, 42, 470, 4255, 0, 0, 1780, 2360),
(231, 42, 2360, 4255, 0, 0, 1780, 2360),
(232, 42, 4255, 4255, 0, 0, 1780, 2360),
(233, 43, 470, 470, 0, 0, 1780, 1780),
(234, 43, 2360, 470, 0, 0, 1780, 1780),
(235, 43, 4255, 470, 0, 0, 1780, 1780),
(236, 43, 470, 2360, 0, 0, 1780, 1780),
(237, 43, 2360, 2360, 0, 0, 1780, 1780),
(238, 43, 4255, 2360, 0, 0, 1780, 1780),
(239, 43, 470, 4255, 0, 0, 1780, 1780),
(240, 43, 2360, 4255, 0, 0, 1780, 1780),
(241, 43, 4255, 4255, 0, 0, 1780, 1780),
(242, 44, 470, 470, 0, 0, 2365, 1780),
(243, 44, 2950, 470, 0, 0, 1180, 1780),
(244, 44, 4255, 470, 0, 0, 2365, 1780),
(245, 44, 470, 2365, 0, 0, 2365, 1780),
(246, 44, 2950, 2365, 0, 0, 1180, 1780),
(247, 44, 4255, 2365, 0, 0, 2365, 1780),
(248, 44, 470, 4255, 0, 0, 2365, 1780),
(249, 44, 2950, 4255, 0, 0, 1180, 1780),
(250, 44, 4255, 4255, 0, 0, 2365, 1780),
(251, 45, 470, 470, 0, 0, 2480, 1770),
(252, 45, 3070, 470, 0, 0, 1180, 1770),
(253, 45, 470, 2360, 0, 0, 1180, 1770),
(254, 45, 1780, 2360, 0, 0, 1180, 1770),
(255, 45, 3070, 2360, 0, 0, 1180, 1770),
(256, 45, 470, 4255, 0, 0, 1180, 1770),
(257, 45, 1780, 4255, 0, 0, 1180, 1770),
(258, 45, 3070, 4255, 0, 0, 1180, 1770),
(259, 45, 470, 6140, 0, 0, 1180, 1770),
(260, 45, 1780, 6140, 0, 0, 2480, 1770),
(261, 46, 470, 470, 0, 0, 2360, 2360),
(262, 46, 2950, 470, 0, 0, 3540, 2360),
(263, 46, 470, 2950, 0, 0, 2360, 1720),
(264, 46, 2950, 2950, 0, 0, 1050, 1720),
(265, 46, 4130, 2950, 0, 0, 2360, 1720),
(266, 46, 470, 4780, 0, 0, 2360, 1720),
(267, 46, 2950, 4780, 0, 0, 1050, 1720),
(268, 46, 4130, 4780, 0, 0, 2360, 1720),
(269, 46, 470, 6610, 0, 0, 3540, 2480),
(270, 46, 4130, 6610, 0, 0, 2480, 2480),
(271, 47, 470, 470, 0, 0, 1780, 1180),
(272, 47, 2360, 470, 0, 0, 1780, 1180),
(273, 47, 470, 1780, 0, 0, 1780, 1180),
(274, 47, 2360, 1780, 0, 0, 1780, 1180),
(275, 47, 470, 3070, 0, 0, 1780, 2360),
(276, 47, 2360, 3070, 0, 0, 1780, 2360),
(277, 47, 470, 5550, 0, 0, 1780, 1180),
(278, 47, 2360, 5550, 0, 0, 1780, 1180),
(279, 47, 470, 6850, 0, 0, 1780, 1180),
(280, 47, 2360, 6850, 0, 0, 1780, 1180),
(281, 48, 470, 470, 0, 0, 2360, 3550),
(282, 48, 470, 4130, 0, 0, 2360, 2360),
(283, 48, 2950, 470, 0, 0, 1720, 2360),
(284, 48, 2950, 2950, 0, 0, 1720, 1070),
(285, 48, 2950, 4130, 0, 0, 1720, 2360),
(286, 48, 4780, 470, 0, 0, 1720, 2360),
(287, 48, 4780, 2950, 0, 0, 1720, 1070),
(288, 48, 4780, 4130, 0, 0, 1720, 2360),
(289, 48, 6610, 470, 0, 0, 2365, 2360),
(290, 48, 6610, 2950, 0, 0, 2365, 3550),
(291, 49, 470, 470, 0, 0, 1780, 1188),
(292, 49, 470, 1780, 0, 0, 1780, 2480),
(293, 49, 2350, 470, 0, 0, 1780, 1188),
(294, 49, 2350, 1780, 0, 0, 1780, 1188),
(295, 49, 2350, 3080, 0, 0, 1780, 1188),
(296, 49, 4260, 470, 0, 0, 1780, 1188),
(297, 49, 4260, 1780, 0, 0, 1780, 1188),
(298, 49, 4260, 3080, 0, 0, 1780, 1188),
(299, 49, 6140, 470, 0, 0, 1780, 2480),
(300, 49, 6140, 3080, 0, 0, 1780, 1188),
(301, 50, 470, 470, 0, 0, 1180, 1780),
(302, 50, 1770, 470, 0, 0, 1180, 1780),
(303, 50, 3070, 470, 0, 0, 2360, 1780),
(304, 50, 5550, 470, 0, 0, 1180, 1780),
(305, 50, 6850, 470, 0, 0, 1180, 1780),
(306, 50, 470, 2360, 0, 0, 1180, 1780),
(307, 50, 1770, 2360, 0, 0, 1180, 1780),
(308, 50, 3070, 2360, 0, 0, 2360, 1780),
(309, 50, 5550, 2360, 0, 0, 1180, 1780),
(310, 50, 6850, 2360, 0, 0, 1180, 1780),
(311, 51, 470, 470, 0, 0, 2365, 1180),
(312, 51, 2950, 470, 0, 0, 1180, 1180),
(313, 51, 470, 1770, 0, 0, 2365, 1180),
(314, 51, 2950, 1770, 0, 0, 1180, 1180),
(315, 51, 470, 3070, 0, 0, 1780, 2365),
(316, 51, 2365, 3070, 0, 0, 1780, 2365),
(317, 51, 470, 5550, 0, 0, 1180, 1180),
(318, 51, 1770, 5550, 0, 0, 2365, 1180),
(319, 51, 470, 6850, 0, 0, 1180, 1180),
(320, 51, 1770, 6850, 0, 0, 2365, 1180),
(321, 52, 470, 470, 0, 0, 1180, 1180),
(322, 52, 470, 1770, 0, 0, 1180, 2365),
(323, 52, 1770, 470, 0, 0, 1180, 1180),
(324, 52, 1770, 1770, 0, 0, 1180, 2365),
(325, 52, 3070, 470, 0, 0, 2365, 1780),
(326, 52, 3070, 2365, 0, 0, 2365, 1780),
(327, 52, 5550, 470, 0, 0, 1180, 2365),
(328, 52, 5550, 2950, 0, 0, 1180, 1180),
(329, 52, 6850, 470, 0, 0, 1180, 2365),
(330, 52, 6850, 2950, 0, 0, 1180, 1180),
(331, 53, 470, 470, 0, 0, 1780, 1180),
(332, 53, 2360, 470, 0, 0, 1780, 1180),
(333, 53, 470, 1770, 0, 0, 840, 1180),
(334, 53, 1420, 1770, 0, 0, 820, 1180),
(335, 53, 2360, 1770, 0, 0, 1780, 1180),
(336, 53, 470, 3070, 0, 0, 1780, 2360),
(337, 53, 2360, 3070, 0, 0, 1780, 2360),
(338, 53, 470, 5550, 0, 0, 1780, 1180),
(339, 53, 2360, 5550, 0, 0, 850, 1180),
(340, 53, 3300, 5550, 0, 0, 850, 1180),
(341, 53, 470, 6850, 0, 0, 1780, 1180),
(342, 53, 2360, 6850, 0, 0, 1780, 1180),
(343, 54, 470, 470, 0, 0, 1180, 1780),
(344, 54, 1770, 470, 0, 0, 1180, 1780),
(345, 54, 3070, 470, 0, 0, 2360, 1780),
(346, 54, 5550, 470, 0, 0, 1180, 850),
(347, 54, 5550, 1400, 0, 0, 1180, 850),
(348, 54, 6850, 470, 0, 0, 1180, 1780),
(349, 54, 470, 2360, 0, 0, 1180, 1780),
(350, 54, 1770, 2360, 0, 0, 1180, 850),
(351, 54, 1770, 3300, 0, 0, 1180, 850),
(352, 54, 3070, 2360, 0, 0, 2360, 1780),
(353, 54, 5550, 2360, 0, 0, 1180, 1780),
(354, 54, 6850, 2360, 0, 0, 1180, 1780),
(355, 55, 470, 470, 0, 0, 1180, 1780),
(356, 55, 1770, 470, 0, 0, 1180, 1780),
(357, 55, 3080, 470, 0, 0, 1180, 1780),
(358, 55, 470, 2370, 0, 0, 1180, 1780),
(359, 55, 1770, 2370, 0, 0, 1180, 1780),
(360, 55, 3080, 2370, 0, 0, 1180, 1780),
(361, 55, 470, 4240, 0, 0, 1180, 1780),
(362, 55, 1770, 4240, 0, 0, 1180, 1780),
(363, 55, 3080, 4240, 0, 0, 1180, 1780),
(364, 55, 470, 6140, 0, 0, 1180, 1780),
(365, 55, 1770, 6140, 0, 0, 1180, 1780),
(366, 55, 3080, 6140, 0, 0, 1180, 1780),
(367, 56, 470, 470, 0, 0, 2370, 1780),
(368, 56, 2955, 470, 0, 0, 1180, 1780),
(369, 56, 4255, 470, 0, 0, 2370, 1780),
(370, 56, 470, 2360, 0, 0, 1130, 1780),
(371, 56, 1715, 2360, 0, 0, 1130, 1780),
(372, 56, 2955, 2360, 0, 0, 1180, 1780),
(373, 56, 4255, 2360, 0, 0, 1130, 1780),
(374, 56, 5490, 2360, 0, 0, 1130, 1780),
(375, 56, 470, 4240, 0, 0, 2370, 1780),
(376, 56, 2955, 4240, 0, 0, 1180, 1780),
(377, 56, 4255, 4240, 0, 0, 2370, 1780),
(378, 57, 470, 470, 0, 0, 1780, 2370),
(379, 57, 470, 2955, 0, 0, 1780, 1180),
(380, 57, 470, 4255, 0, 0, 1780, 2370),
(381, 57, 2370, 470, 0, 0, 1780, 1130),
(382, 57, 2370, 1715, 0, 0, 1780, 1130),
(383, 57, 2370, 2955, 0, 0, 1780, 1180),
(384, 57, 2370, 4255, 0, 0, 1780, 1130),
(385, 57, 2370, 5500, 0, 0, 1780, 1130),
(386, 57, 4255, 470, 0, 0, 1780, 2370),
(387, 57, 4255, 2955, 0, 0, 1780, 1180),
(388, 57, 4255, 4255, 0, 0, 1780, 2370),
(389, 58, 470, 470, 0, 0, 1780, 3660),
(390, 58, 470, 4255, 0, 0, 1780, 1780),
(391, 58, 470, 6140, 0, 0, 1780, 1780),
(392, 58, 2370, 470, 0, 0, 1780, 1780),
(393, 58, 4255, 470, 0, 0, 1780, 1780),
(394, 58, 2370, 2370, 0, 0, 3680, 3680),
(395, 58, 2370, 6140, 0, 0, 1780, 1780),
(396, 58, 4255, 6140, 0, 0, 1780, 1780),
(397, 58, 6140, 470, 0, 0, 1780, 1780),
(398, 58, 6140, 2370, 0, 0, 1780, 1780),
(399, 58, 6140, 4255, 0, 0, 1780, 3660),
(400, 59, 470, 470, 0, 0, 1780, 1780),
(401, 59, 470, 2370, 0, 0, 1780, 1780),
(402, 59, 470, 4255, 0, 0, 1780, 1780),
(403, 59, 470, 6140, 0, 0, 1780, 1780),
(404, 59, 2370, 470, 0, 0, 1780, 1780),
(405, 59, 4255, 470, 0, 0, 1780, 1780),
(406, 59, 2370, 2370, 0, 0, 3680, 3680),
(407, 59, 2370, 6140, 0, 0, 1780, 1780),
(408, 59, 4255, 6140, 0, 0, 1780, 1780),
(409, 59, 6140, 470, 0, 0, 1780, 1780),
(410, 59, 6140, 2370, 0, 0, 1780, 1780),
(411, 59, 6140, 4255, 0, 0, 1780, 1780),
(412, 59, 6140, 6140, 0, 0, 1780, 1780),
(413, 60, 270, 270, 0, 0, 1200, 1200),
(414, 60, 270, 1580, 0, 0, 1200, 1200),
(415, 60, 270, 2885, 0, 0, 1200, 1200),
(416, 60, 270, 4200, 0, 0, 1200, 1200),
(417, 60, 1580, 270, 0, 0, 1200, 1200),
(418, 60, 2885, 270, 0, 0, 1200, 1200),
(419, 60, 1580, 1580, 0, 0, 2510, 2510),
(420, 60, 1580, 4200, 0, 0, 1200, 1200),
(421, 60, 2885, 4200, 0, 0, 1200, 1200),
(422, 60, 4200, 270, 0, 0, 1200, 1200),
(423, 60, 4200, 1580, 0, 0, 1200, 1200),
(424, 60, 4200, 2885, 0, 0, 1200, 1200),
(425, 60, 4200, 4200, 0, 0, 1200, 1200),
(426, 61, 470, 470, 0, 0, 1195, 1780),
(427, 61, 470, 2360, 0, 0, 1195, 840),
(428, 61, 470, 3300, 0, 0, 1195, 840),
(429, 61, 1780, 470, 0, 0, 1195, 1780),
(430, 61, 1780, 2360, 0, 0, 1195, 840),
(431, 61, 1780, 3300, 0, 0, 1195, 840),
(432, 61, 3075, 470, 0, 0, 2360, 1780),
(433, 61, 3075, 2360, 0, 0, 2360, 1780),
(434, 61, 5540, 470, 0, 0, 1195, 840),
(435, 61, 5540, 1420, 0, 0, 1195, 840),
(436, 61, 5540, 2360, 0, 0, 1195, 1780),
(437, 61, 6840, 470, 0, 0, 1195, 840),
(438, 61, 6840, 1420, 0, 0, 1195, 840),
(439, 61, 6840, 2360, 0, 0, 1195, 1780),
(440, 62, 470, 470, 0, 0, 1780, 1200),
(441, 62, 2360, 470, 0, 0, 840, 1200),
(442, 62, 3300, 470, 0, 0, 840, 1200),
(443, 62, 470, 1770, 0, 0, 1780, 1200),
(444, 62, 2360, 1770, 0, 0, 840, 1200),
(445, 62, 3300, 1770, 0, 0, 840, 1200),
(446, 62, 470, 3075, 0, 0, 1780, 2370),
(447, 62, 2360, 3075, 0, 0, 1780, 2370),
(448, 62, 470, 5540, 0, 0, 840, 1200),
(449, 62, 1420, 5540, 0, 0, 840, 1200),
(450, 62, 2360, 5540, 0, 0, 1780, 1200),
(451, 62, 470, 6840, 0, 0, 840, 1200),
(452, 62, 1420, 6840, 0, 0, 840, 1200),
(453, 62, 2370, 6840, 0, 0, 1780, 1200),
(454, 63, 470, 470, 0, 0, 1780, 2370),
(455, 63, 470, 2955, 0, 0, 1780, 2480),
(456, 63, 470, 5550, 0, 0, 1780, 2370),
(457, 63, 2360, 470, 0, 0, 1780, 1780),
(458, 63, 2360, 2360, 0, 0, 1780, 1780),
(459, 63, 2360, 4255, 0, 0, 1780, 1780),
(460, 63, 2360, 6140, 0, 0, 1780, 1780),
(461, 63, 4255, 470, 0, 0, 2370, 3660),
(462, 63, 4255, 4255, 0, 0, 2370, 3660),
(463, 63, 6735, 470, 0, 0, 1780, 1780),
(464, 63, 6735, 2360, 0, 0, 1780, 1780),
(465, 63, 6735, 4255, 0, 0, 1780, 1780),
(466, 63, 6735, 6140, 0, 0, 1780, 1780),
(467, 63, 8620, 470, 0, 0, 1780, 2370),
(468, 63, 8620, 2955, 0, 0, 1780, 2480),
(469, 63, 8620, 5550, 0, 0, 1780, 2370),
(470, 64, 360, 360, 0, 0, 1800, 1350),
(471, 64, 2250, 360, 0, 0, 1900, 1350),
(472, 64, 4230, 360, 0, 0, 1800, 1350),
(473, 64, 360, 1800, 0, 0, 1350, 1350),
(474, 64, 1800, 1800, 0, 0, 1350, 1350),
(475, 64, 3240, 1800, 0, 0, 1350, 1350),
(476, 64, 4680, 1800, 0, 0, 1350, 1350),
(477, 64, 360, 3240, 0, 0, 2790, 1800),
(478, 64, 3240, 3240, 0, 0, 2790, 1800),
(479, 64, 360, 5130, 0, 0, 1350, 1350),
(480, 64, 1800, 5130, 0, 0, 1350, 1350),
(481, 64, 3240, 5130, 0, 0, 1350, 1350),
(482, 64, 4680, 5130, 0, 0, 1350, 1350),
(483, 64, 360, 6570, 0, 0, 1800, 1350),
(484, 64, 2250, 6570, 0, 0, 1900, 1350),
(485, 64, 4230, 6570, 0, 0, 1800, 1350),
(486, 65, 470, 470, 0, 0, 1780, 1200),
(487, 65, 470, 1770, 0, 0, 1780, 1200),
(488, 65, 2360, 470, 0, 0, 1660, 2490),
(489, 65, 4135, 470, 0, 0, 3540, 2480),
(490, 65, 470, 3075, 0, 0, 3550, 2360),
(491, 65, 4135, 3075, 0, 0, 1900, 1130),
(492, 65, 6140, 3075, 0, 0, 1540, 1130),
(493, 65, 4135, 4300, 0, 0, 1900, 1130),
(494, 65, 6140, 4300, 0, 0, 1540, 1130),
(495, 65, 470, 5550, 0, 0, 1780, 1180),
(496, 65, 470, 6840, 0, 0, 1780, 2370),
(497, 65, 2360, 5550, 0, 0, 3660, 2370),
(498, 65, 2360, 8030, 0, 0, 1780, 1180),
(499, 65, 4240, 8030, 0, 0, 1780, 1180),
(500, 65, 6140, 5560, 0, 0, 1540, 1770),
(501, 65, 6140, 7440, 0, 0, 1540, 1770),
(502, 66, 470, 470, 0, 0, 1780, 1780),
(503, 66, 2360, 470, 0, 0, 1780, 1780),
(504, 66, 4255, 470, 0, 0, 1780, 1780),
(505, 66, 6140, 470, 0, 0, 1780, 1780),
(506, 66, 470, 2360, 0, 0, 1780, 1780),
(507, 66, 2360, 2360, 0, 0, 1780, 1780),
(508, 66, 4255, 2360, 0, 0, 1780, 1780),
(509, 66, 6140, 2360, 0, 0, 1780, 1780),
(510, 66, 470, 4255, 0, 0, 1780, 1780),
(511, 66, 2360, 4255, 0, 0, 1780, 1780),
(512, 66, 4255, 4255, 0, 0, 1780, 1780),
(513, 66, 6140, 4255, 0, 0, 1780, 1780),
(514, 66, 470, 6140, 0, 0, 1780, 1780),
(515, 66, 2360, 6140, 0, 0, 1780, 1780),
(516, 66, 4255, 6140, 0, 0, 1780, 1780),
(517, 66, 6140, 6140, 0, 0, 1780, 1780),
(518, 67, 360, 360, 0, 0, 1800, 1350),
(519, 67, 2250, 360, 0, 0, 900, 1350),
(520, 67, 3230, 360, 0, 0, 900, 1350),
(521, 67, 4230, 360, 0, 0, 1800, 1350),
(522, 67, 360, 1800, 0, 0, 1350, 1350),
(523, 67, 1800, 1800, 0, 0, 1350, 1350),
(524, 67, 3240, 1800, 0, 0, 1350, 1350),
(525, 67, 4680, 1800, 0, 0, 1350, 1350),
(526, 67, 360, 3240, 0, 0, 2790, 1800),
(527, 67, 3240, 3240, 0, 0, 2790, 1800),
(528, 67, 360, 5130, 0, 0, 1350, 1350),
(529, 67, 1800, 5130, 0, 0, 1350, 1350),
(530, 67, 3240, 5130, 0, 0, 1350, 1350),
(531, 67, 4680, 5130, 0, 0, 1350, 1350),
(532, 67, 360, 6570, 0, 0, 1800, 1350),
(533, 67, 2250, 6570, 0, 0, 900, 1350),
(534, 67, 3230, 6570, 0, 0, 900, 1350),
(535, 67, 4230, 6570, 0, 0, 1800, 1350),
(536, 68, 470, 470, 0, 0, 1780, 1200),
(537, 68, 2360, 470, 0, 0, 1780, 1200),
(538, 68, 4255, 470, 0, 0, 1780, 1200),
(539, 68, 6140, 470, 0, 0, 1780, 1200),
(540, 68, 8035, 470, 0, 0, 1780, 1200),
(541, 68, 470, 1760, 0, 0, 1780, 1200),
(542, 68, 2360, 1760, 0, 0, 1780, 1200),
(543, 68, 4255, 1760, 0, 0, 1780, 1200),
(544, 68, 6140, 1760, 0, 0, 1780, 1200),
(545, 68, 8035, 1760, 0, 0, 1780, 1200),
(546, 68, 470, 3060, 0, 0, 1780, 1200),
(547, 68, 2360, 3060, 0, 0, 1780, 1200),
(548, 68, 4255, 3060, 0, 0, 1780, 1200),
(549, 68, 6140, 3060, 0, 0, 1780, 1200),
(550, 68, 8035, 3060, 0, 0, 1780, 1200),
(551, 68, 470, 4360, 0, 0, 1780, 1200),
(552, 68, 2360, 4360, 0, 0, 1780, 1200),
(553, 68, 4255, 4360, 0, 0, 1780, 1200),
(554, 68, 6140, 4360, 0, 0, 1780, 1200),
(555, 68, 8035, 4360, 0, 0, 1780, 1200),
(556, 69, 470, 470, 0, 0, 1200, 1200),
(557, 69, 1760, 470, 0, 0, 1200, 1200),
(558, 69, 3075, 470, 0, 0, 1200, 1200),
(559, 69, 4360, 470, 0, 0, 1200, 1200),
(560, 69, 5640, 470, 0, 0, 1200, 1200),
(561, 69, 470, 1760, 0, 0, 1200, 1200),
(562, 69, 1760, 1760, 0, 0, 1200, 1200),
(563, 69, 3075, 1760, 0, 0, 1200, 1200),
(564, 69, 4360, 1760, 0, 0, 1200, 1200),
(565, 69, 5640, 1760, 0, 0, 1200, 1200),
(566, 69, 470, 3060, 0, 0, 1200, 1200),
(567, 69, 1760, 3060, 0, 0, 1200, 1200),
(568, 69, 3075, 3060, 0, 0, 1200, 1200),
(569, 69, 4360, 3060, 0, 0, 1200, 1200),
(570, 69, 5640, 3060, 0, 0, 1200, 1200),
(571, 69, 470, 4360, 0, 0, 1200, 1200),
(572, 69, 1760, 4360, 0, 0, 1200, 1200),
(573, 69, 3075, 4360, 0, 0, 1200, 1200),
(574, 69, 4360, 4360, 0, 0, 1200, 1200),
(575, 69, 5640, 4360, 0, 0, 1200, 1200),
(576, 70, 470, 470, 0, 0, 1200, 1780),
(577, 70, 1760, 470, 0, 0, 1200, 1780),
(578, 70, 3075, 470, 0, 0, 1200, 1780),
(579, 70, 4360, 470, 0, 0, 1200, 1780),
(580, 70, 470, 2360, 0, 0, 1200, 1780),
(581, 70, 1760, 2360, 0, 0, 1200, 1780),
(582, 70, 3075, 2360, 0, 0, 1200, 1780),
(583, 70, 4360, 2360, 0, 0, 1200, 1780),
(584, 70, 470, 4255, 0, 0, 1200, 1780),
(585, 70, 1760, 4255, 0, 0, 1200, 1780),
(586, 70, 3075, 4255, 0, 0, 1200, 1780),
(587, 70, 4360, 4255, 0, 0, 1200, 1780),
(588, 70, 470, 6140, 0, 0, 1200, 1780),
(589, 70, 1760, 6140, 0, 0, 1200, 1780),
(590, 70, 3075, 6140, 0, 0, 1200, 1780),
(591, 70, 4360, 6140, 0, 0, 1200, 1780),
(592, 70, 470, 8035, 0, 0, 1200, 1780),
(593, 70, 1760, 8035, 0, 0, 1200, 1780),
(594, 70, 3075, 8035, 0, 0, 1200, 1780),
(595, 70, 4360, 8035, 0, 0, 1200, 1780),
(596, 71, 360, 360, 0, 0, 1355, 1800),
(597, 71, 360, 2240, 0, 0, 1355, 920),
(598, 71, 360, 3240, 0, 0, 1355, 920),
(599, 71, 360, 4220, 0, 0, 1355, 1800),
(600, 71, 1800, 360, 0, 0, 1355, 1355),
(601, 71, 1800, 1800, 0, 0, 1355, 1355),
(602, 71, 1800, 3240, 0, 0, 1355, 1355),
(603, 71, 1800, 4680, 0, 0, 1355, 1355),
(604, 71, 3240, 360, 0, 0, 1800, 2800),
(605, 71, 3240, 3240, 0, 0, 1800, 2800),
(606, 71, 5120, 360, 0, 0, 1355, 1355),
(607, 71, 5120, 1800, 0, 0, 1355, 1355),
(608, 71, 5120, 3240, 0, 0, 1355, 1355),
(609, 71, 5120, 4680, 0, 0, 1355, 1355),
(610, 71, 6555, 360, 0, 0, 1355, 1800),
(611, 71, 6555, 2240, 0, 0, 1355, 920),
(612, 71, 6555, 3240, 0, 0, 1355, 920),
(613, 71, 6555, 4220, 0, 0, 1355, 1800),
(614, 72, 470, 470, 0, 0, 1200, 1200),
(615, 72, 1770, 470, 0, 0, 1200, 1200),
(616, 72, 3075, 470, 0, 0, 1200, 1200),
(617, 72, 4360, 470, 0, 0, 1200, 1200),
(618, 72, 5660, 470, 0, 0, 1200, 1200),
(619, 72, 470, 1770, 0, 0, 1200, 1200),
(620, 72, 1770, 1770, 0, 0, 1200, 1200),
(621, 72, 3075, 1770, 0, 0, 1200, 1200),
(622, 72, 4360, 1770, 0, 0, 1200, 1200),
(623, 72, 5660, 1770, 0, 0, 1200, 1200),
(624, 72, 470, 3075, 0, 0, 1200, 1200),
(625, 72, 1770, 3075, 0, 0, 1200, 1200),
(626, 72, 3075, 3075, 0, 0, 1200, 1200),
(627, 72, 4360, 3075, 0, 0, 1200, 1200),
(628, 72, 5660, 3075, 0, 0, 1200, 1200),
(629, 72, 470, 4360, 0, 0, 1200, 1200),
(630, 72, 1770, 4360, 0, 0, 1200, 1200),
(631, 72, 3075, 4360, 0, 0, 1200, 1200),
(632, 72, 4360, 4360, 0, 0, 1200, 1200),
(633, 72, 5660, 4360, 0, 0, 1200, 1200),
(634, 72, 470, 5660, 0, 0, 1200, 1200),
(635, 72, 1770, 5660, 0, 0, 1200, 1200),
(636, 72, 3075, 5660, 0, 0, 1200, 1200),
(637, 72, 4360, 5660, 0, 0, 1200, 1200),
(638, 72, 5660, 5660, 0, 0, 1200, 1200),
(639, 73, 470, 470, 0, 0, 1200, 1200),
(640, 73, 1770, 470, 0, 0, 1200, 1200),
(641, 73, 3075, 470, 0, 0, 1200, 1200),
(642, 73, 4360, 470, 0, 0, 1200, 1200),
(643, 73, 470, 1770, 0, 0, 1200, 1200),
(644, 73, 1770, 1770, 0, 0, 1200, 1200),
(645, 73, 3075, 1770, 0, 0, 1200, 1200),
(646, 73, 4360, 1770, 0, 0, 1200, 1200),
(647, 73, 470, 3075, 0, 0, 1200, 1200),
(648, 73, 1770, 3075, 0, 0, 1200, 1200),
(649, 73, 3075, 3075, 0, 0, 1200, 1200),
(650, 73, 4360, 3075, 0, 0, 1200, 1200),
(651, 73, 470, 4360, 0, 0, 1200, 1200),
(652, 73, 1770, 4360, 0, 0, 1200, 1200),
(653, 73, 3075, 4360, 0, 0, 1200, 1200),
(654, 73, 4360, 4360, 0, 0, 1200, 1200),
(655, 73, 470, 5660, 0, 0, 1200, 1200),
(656, 73, 1770, 5660, 0, 0, 1200, 1200),
(657, 73, 3075, 5660, 0, 0, 1200, 1200),
(658, 73, 4360, 5660, 0, 0, 1200, 1200),
(659, 74, 470, 475, 0, 0, 2365, 2360),
(660, 74, 2950, 475, 0, 0, 2365, 2360),
(661, 74, 475, 2955, 0, 0, 2360, 2360),
(662, 74, 2955, 2955, 0, 0, 2360, 2360),
(663, 75, 470, 475, 0, 0, 2365, 2360),
(664, 75, 2950, 475, 0, 0, 2365, 2360),
(665, 75, 475, 2955, 0, 0, 2360, 2360),
(666, 75, 2955, 2955, 0, 0, 2360, 2360),
(667, 76, 470, 475, 0, 0, 2365, 2360),
(668, 76, 2950, 475, 0, 0, 2365, 2360),
(669, 76, 475, 2955, 0, 0, 2360, 2360),
(670, 76, 2955, 2955, 0, 0, 2360, 2360),
(671, 77, 470, 475, 0, 0, 2365, 2360),
(672, 77, 2950, 475, 0, 0, 2365, 2360),
(673, 77, 475, 2955, 0, 0, 2360, 2360),
(674, 77, 2955, 2955, 0, 0, 2360, 2360),
(675, 78, 470, 475, 0, 0, 2365, 2360),
(676, 78, 2950, 475, 0, 0, 2365, 2360),
(677, 78, 475, 2955, 0, 0, 2360, 2360),
(678, 78, 2955, 2955, 0, 0, 2360, 2360),
(679, 79, 470, 475, 0, 0, 2365, 2360),
(680, 79, 2950, 475, 0, 0, 2365, 2360),
(681, 79, 475, 2955, 0, 0, 2360, 2360),
(682, 79, 2955, 2955, 0, 0, 2360, 2360),
(683, 80, 470, 475, 0, 0, 2365, 2360),
(684, 80, 2950, 475, 0, 0, 2365, 2360),
(685, 80, 475, 2955, 0, 0, 2360, 2360),
(686, 80, 2955, 2955, 0, 0, 2360, 2360),
(687, 81, 470, 475, 0, 0, 2365, 2360),
(688, 81, 2950, 475, 0, 0, 2365, 2360),
(689, 81, 475, 2955, 0, 0, 2360, 2360),
(690, 81, 2955, 2955, 0, 0, 2360, 2360),
(691, 82, 470, 475, 0, 0, 2365, 2360),
(692, 82, 2950, 475, 0, 0, 2365, 2360),
(693, 82, 475, 2955, 0, 0, 2360, 2360),
(694, 82, 2955, 2955, 0, 0, 2360, 2360),
(695, 83, 460, 460, 0, 0, 1790, 2380),
(696, 83, 4010, 460, 0, 0, 1790, 2380),
(697, 84, 460, 460, 0, 0, 1790, 2380),
(698, 84, 4010, 460, 0, 0, 1790, 2380),
(699, 85, 460, 460, 0, 0, 1790, 2380),
(700, 85, 4010, 475, 0, 0, 1790, 2380),
(701, 86, 460, 460, 0, 0, 1790, 2380),
(702, 86, 4010, 475, 0, 0, 1790, 2380),
(703, 87, 460, 460, 0, 0, 1790, 2380),
(704, 87, 4010, 475, 0, 0, 1790, 2380),
(705, 88, 460, 460, 0, 0, 1790, 2380),
(706, 88, 4010, 475, 0, 0, 1790, 2380),
(707, 89, 460, 460, 0, 0, 1790, 2380),
(708, 89, 4010, 475, 0, 0, 1790, 2380),
(709, 90, 460, 460, 0, 0, 1790, 2380),
(710, 90, 4010, 475, 0, 0, 1790, 2380),
(711, 91, 460, 460, 0, 0, 1790, 2380),
(712, 91, 4010, 475, 0, 0, 1790, 2380),
(713, 92, 460, 460, 0, 0, 1790, 2380),
(714, 92, 4010, 475, 0, 0, 1790, 2380),
(715, 93, 460, 460, 0, 0, 1790, 2380),
(716, 93, 4010, 475, 0, 0, 1790, 2380),
(717, 94, 460, 460, 0, 0, 1790, 2380),
(718, 94, 4010, 475, 0, 0, 1790, 2380),
(719, 95, 2950, 470, 0, 0, 2380, 2960),
(720, 96, 2950, 470, 0, 0, 2380, 2960),
(721, 97, 608, 1210, 0, 0, 1737, 1737),
(722, 97, 2495, 605, 0, 0, 2920, 2329),
(723, 97, 5570, 605, 0, 0, 1737, 1737);

-- --------------------------------------------------------

--
-- Table structure for table `frames`
--

CREATE TABLE IF NOT EXISTS `frames` (
  `frame_id` int(11) NOT NULL AUTO_INCREMENT,
  `frame_name` varchar(255) DEFAULT NULL,
  `frame_width` int(11) DEFAULT NULL,
  `frame_height` int(11) DEFAULT NULL,
  `frame_num_image` int(11) DEFAULT NULL,
  `frames_category_id` int(11) NOT NULL,
  PRIMARY KEY (`frame_id`)
) ENGINE=InnoDB  DEFAULT CHARSET=latin1 AUTO_INCREMENT=98 ;

--
-- Dumping data for table `frames`
--

INSERT INTO `frames` (`frame_id`, `frame_name`, `frame_width`, `frame_height`, `frame_num_image`, `frames_category_id`) VALUES
(1, 'Baby Boy', 7913, 3543, 3, 16),
(2, 'Three Vertical', 4488, 8268, 3, 1),
(3, 'Three Horizontal', 8268, 2480, 3, 1),
(4, 'Four Horizantal', 8150, 5787, 4, 2),
(5, '4 Landscape Line', 3425, 8150, 4, 2),
(6, '4 Apertures Mixed Shapes', 6319, 6024, 4, 2),
(7, '4 Mixed Apertures', 4724, 4724, 4, 2),
(8, '3 Mixed Sizes', 4488, 4488, 3, 1),
(9, '3 Mixed', 5994, 4488, 3, 1),
(10, '3 Landscape', 8268, 2480, 3, 1),
(11, '3 Square', 8268, 3307, 3, 1),
(12, '4 Mixed', 4902, 4370, 4, 2),
(13, '4 Portrait', 8150, 3425, 4, 2),
(14, '4 Portraits', 5787, 8150, 4, 2),
(15, '4-apertures-mixed', 6319, 6024, 4, 2),
(16, '5 Apertures Mixed Shapes', 6319, 6024, 5, 3),
(17, '4 Square', 5787, 5787, 4, 2),
(18, '5 Apertures', 6024, 6319, 5, 3),
(19, '5 Portrait Line', 9980, 3425, 5, 3),
(20, '5 Landscape Line', 3425, 9980, 5, 3),
(21, '6 Landscape', 6024, 6319, 6, 4),
(22, '5 Mixed', 4724, 4724, 5, 3),
(23, '6 Apertures Mixed Upright', 4370, 6732, 6, 4),
(24, '6 Apertures Mixed', 6732, 4370, 6, 4),
(25, '6 Mixed Apertures Upright', 4370, 6732, 6, 4),
(26, '6 Mixed Apertures', 6732, 4370, 6, 4),
(27, '6 Portrait', 6319, 6024, 6, 4),
(28, '6 Square', 4724, 4724, 6, 4),
(29, '7 Apertures Mixed Sizes Upright', 6969, 9449, 7, 5),
(30, '7 Apertures Mixed Sizes', 9449, 6969, 7, 5),
(31, '7 Apertures Upright', 4370, 6732, 7, 5),
(32, '7 Apertures', 6732, 4370, 7, 5),
(33, '7 Mixed Apertures', 7087, 6496, 7, 5),
(34, '7 Mixed Apertures-1', 6496, 7087, 7, 5),
(35, '7 Square Upright', 4370, 5551, 7, 5),
(36, '7 Square', 5551, 4370, 7, 5),
(37, '8 Apertures Mixed', 7087, 6496, 8, 6),
(38, '8 Apertures', 8268, 4724, 8, 6),
(39, '9 Apertures Mixed', 7087, 6496, 9, 7),
(40, '9 Aperture-1-Upright', 6969, 9449, 9, 7),
(41, '9 Aperture-1', 9449, 6969, 9, 7),
(42, '9 Apertures Mixed-1', 6496, 7087, 9, 7),
(43, '9 Square', 6496, 6496, 9, 7),
(44, '9 Apertures', 7087, 6496, 9, 7),
(45, '10 Apertures Mixed Sizes Upright', 4724, 8386, 10, 8),
(46, '10 Apertures Mixed Upright', 6969, 9449, 10, 8),
(47, '10 Apertures Mixed', 9449, 6969, 10, 8),
(48, '10 Apertures Upright', 4606, 8504, 10, 8),
(49, '10 Apertures', 8268, 4724, 10, 8),
(50, '10 Apertures', 8504, 4606, 10, 8),
(51, '10 Mixed Apertures Upright', 4606, 8504, 10, 8),
(52, '10 Mixed Apertures', 8504, 4606, 10, 8),
(53, '12-apertures-upright', 4606, 8504, 12, 1),
(54, '12 apertures', 8504, 4606, 12, 10),
(55, '12 aperture same size upright', 4724, 8386, 12, 10),
(56, '11-apertures-mixed', 7087, 6496, 11, 9),
(57, '11-apertures-mixed-1', 6496, 7087, 11, 9),
(58, '11-apertures', 8386, 8386, 11, 9),
(59, '13-square', 8386, 8386, 13, 11),
(60, '5669', 5669, 5669, 13, 11),
(61, '14 apertures', 8504, 4606, 14, 12),
(62, '14 apertures upright', 4606, 8504, 14, 12),
(63, '16-apertures-mixed-upright', 6381, 8268, 16, 13),
(64, '16 apertures mixed', 6381, 8268, 16, 13),
(65, '16-apertures-upright', 8150, 9685, 16, 13),
(66, '16-apertures-saqure', 8386, 8386, 16, 13),
(67, '18-apertures-upright', 6381, 8268, 18, 14),
(68, '20-rectangle', 10276, 8268, 20, 15),
(69, '20 square', 7323, 6054, 20, 15),
(70, '20 rectangle upright', 6024, 10276, 20, 15),
(71, '18 apertures', 8268, 6381, 18, 14),
(72, '25 saqure', 7323, 7323, 25, 20),
(73, '20 saqure upright', 6024, 7323, 20, 15),
(74, '1st aniveriry', 5787, 5787, 20, 2),
(75, 'our baby', 5787, 5787, 4, 2),
(76, 'our baby_girl', 5787, 5787, 4, 2),
(77, 'our cat', 5787, 5787, 4, 2),
(78, 'our dog', 5787, 5787, 4, 2),
(79, 'our family', 5787, 5787, 4, 2),
(80, 'our family', 5787, 5787, 4, 2),
(81, 'the grand  children', 5787, 5787, 4, 2),
(82, 'the kids', 5787, 5787, 4, 2),
(83, '25 weeding anniversary', 6260, 3307, 2, 1),
(84, '30 weeding anniversary', 6260, 3307, 2, 1),
(85, '50 weeding anniversary', 6260, 3307, 2, 1),
(86, '40 weeding anniversary', 6260, 3307, 2, 1),
(87, 'Dream Big Little One', 6260, 3307, 2, 1),
(88, 'I thought of you with love today', 6260, 3307, 2, 1),
(89, 'If we could have a lifetime wish', 6260, 3307, 2, 1),
(90, 'twinkle', 6260, 3307, 2, 1),
(91, 'You never said I''m leaving', 6260, 3307, 2, 1),
(92, 'You asked', 6260, 3307, 2, 1),
(93, 'Donot stand ', 6260, 3307, 2, 1),
(94, 'When tomorrow starts without me', 6260, 3307, 2, 1),
(95, 'If tears could build a stairway boy version', 5787, 3898, 1, 1),
(96, 'If tears could build a stairway boy version', 5787, 3898, 1, 1),
(97, 'Baby Boy', 7913, 3543, 3, 16);

-- --------------------------------------------------------

--
-- Table structure for table `frames_category`
--

CREATE TABLE IF NOT EXISTS `frames_category` (
  `frames_category_id` int(11) NOT NULL AUTO_INCREMENT,
  `name` longtext COLLATE utf8_unicode_ci NOT NULL,
  `status` int(11) NOT NULL,
  PRIMARY KEY (`frames_category_id`)
) ENGINE=MyISAM  DEFAULT CHARSET=utf8 COLLATE=utf8_unicode_ci AUTO_INCREMENT=20 ;

--
-- Dumping data for table `frames_category`
--

INSERT INTO `frames_category` (`frames_category_id`, `name`, `status`) VALUES
(1, '3 Apertures', 1),
(2, '4 Apertures', 1),
(3, '5 Apertures', 1),
(4, '6 Apertures', 1),
(5, '7 Apertures', 1),
(6, '8 Apertures', 1),
(7, '9 Apertures', 1),
(8, '10 Apertures', 1),
(9, '11 Apertures', 1),
(10, '12 Apertures', 1),
(11, '13 Apertures', 1),
(12, '14 Apertures', 1),
(13, '16 Apertures', 1),
(14, '18 Apertures', 1),
(15, '20 Apertures', 1),
(16, 'Babies', 1),
(17, 'Wedding Anniversaries', 1),
(18, 'Family & Pets', 1),
(19, 'Rememberance', 1);

-- --------------------------------------------------------

--
-- Table structure for table `frame_temp`
--

CREATE TABLE IF NOT EXISTS `frame_temp` (
  `temp_id` int(11) NOT NULL AUTO_INCREMENT,
  `ip_address` varchar(255) NOT NULL,
  `image_name` varchar(255) NOT NULL,
  `web_browser` varchar(255) NOT NULL,
  `date` timestamp NOT NULL DEFAULT CURRENT_TIMESTAMP ON UPDATE CURRENT_TIMESTAMP,
  PRIMARY KEY (`temp_id`)
) ENGINE=InnoDB  DEFAULT CHARSET=latin1 AUTO_INCREMENT=5 ;

--
-- Dumping data for table `frame_temp`
--

INSERT INTO `frame_temp` (`temp_id`, `ip_address`, `image_name`, `web_browser`, `date`) VALUES
(1, '::1', '1457356352-1452247250-1451561272-1451127849-4-157x157.jpeg', 'Mozilla Firefox', '2016-03-07 13:12:32'),
(2, '::1', '1457356353-1453112176-1453066286-1.jpg', 'Mozilla Firefox', '2016-03-07 13:12:33'),
(4, '::1', '1458824841-1457356353-1453112177-1453067454-order15514_7192__2_picture - Copy.jpg', 'Mozilla Firefox', '2016-03-24 13:07:21');

/*!40101 SET CHARACTER_SET_CLIENT=@OLD_CHARACTER_SET_CLIENT */;
/*!40101 SET CHARACTER_SET_RESULTS=@OLD_CHARACTER_SET_RESULTS */;
/*!40101 SET COLLATION_CONNECTION=@OLD_COLLATION_CONNECTION */;
